Column_1,Column_2,Column_3,Column_4,Column_5,Column_6,Column_7,Column_8,Column_9
1,2.336449652057384,4.395257123029633,5.24120291322969,10.999687908090406,12.117827177588037,3.336449652057384,-0.8459457902000569,2.3974501901928615
0,3.0193734741096225,6.646013312632849,4.052188727323369,10.095861682176439,8.230108176529965,3.0193734741096225,2.5938245853094806,-0.40988310011349555
0,3.7644281890275963,5.453389107385671,4.754973825812037,7.055579749874043,13.14418034947809,3.7644281890275963,0.6984152815736335,-0.9215636007943036
0,2.1855295686442244,5.099211620692007,4.0649887557495585,6.787942766386029,9.375955257356292,2.1855295686442244,1.034222864942448,0.7721756211891836
1,2.2286949153022726,7.587331115244574,5.536838154402776,6.496090774761133,10.559468111634079,3.2286949153022726,2.0504929608417974,-1.191003390552262
0,1.1800411913204,4.589562650746987,9.681480563687291,5.425729951602252,7.966700852351867,1.1800411913204,-5.091917912940304,-1.701196447862211
1,2.7973845036438174,4.393022871122559,8.095772022807072,8.428818889740977,9.579747932031342,3.7973845036438174,-3.702749151684513,1.3196943849773415
0,1.672072832576306,6.134649211546499,5.236589707843943,5.701102035687407,11.80924839609743,1.672072832576306,0.898059503702556,-2.576801597745063
1,2.0525634269352726,2.6434076726174496,4.041036239454062,8.94423891858929,11.974820520134765,3.0525634269352726,-1.3976285668366124,0.18885844533802773
0,3.5858659859619726,4.265194608711398,3.0728733667981643,8.096513502901663,9.44069161215899,3.5858659859619726,1.1923212419132336,0.350709186960851
1,3.9183057948259217,4.451742548060189,8.417482299983185,7.2647641970586845,9.292995187505571,4.918305794825922,-3.965739751922996,-1.0537186796342985
0,3.43385891944451,2.1746208423436597,5.9196530238939635,7.284206930045727,10.187043875817933,3.43385891944451,-3.745032181550304,0.4348985987132417
0,2.768260669587572,4.561195394535267,8.560660550596744,5.895654476579638,8.791951351902014,2.768260669587572,-3.9994651560614765,0.006143369367278085
0,4.084609661151462,3.8300258581678035,5.298081429955271,7.885639613535885,6.175422270158812,4.084609661151462,-1.4680555717874677,2.687839127486727
1,1.8078330464598156,3.5720858461618734,2.6306222211472354,7.0263081567088195,14.626668691709355,2.8078330464598156,0.941463625014638,-1.602762364108516
0,3.141297998440617,3.6382123778250848,6.126422138077974,5.990176169492023,8.130957503558294,3.141297998440617,-2.488209760252889,1.0472097994922545
0,1.9941831974898387,5.973588662324298,6.4450630999582135,10.788208780994603,10.549106669810323,1.9941831974898387,-0.4714744376339155,-0.40743297688468927
0,2.9648904712462776,2.729098118927316,7.632782200902186,8.575426282538215,11.049734762112964,2.9648904712462776,-4.90368408197487,0.03430034966140484
0,3.8298061238268235,5.279300724486472,7.896455614723136,5.807480836561323,9.704832028026173,3.8298061238268235,-2.617154890236664,1.3314427845321688
1,2.237846402442744,4.604982093247793,6.4888701673618705,9.785860371458353,9.077258543311913,3.237846402442744,-1.8838880741140773,-0.5461091762940908
0,1.790619995104125,5.538103059578779,6.079558505371677,7.668024710407256,8.89249874209576,1.790619995104125,-0.5414554457928986,1.0657428372910087
0,2.893160436010581,6.346293515659826,4.943811564663261,6.609804592500061,9.078556613691479,2.893160436010581,1.402481950996565,0.19686893468406727
1,3.6692106995488394,7.426480751205103,3.7759626761400074,9.873022063010495,10.451474582586016,4.66921069954884,3.650518075065096,1.0403310631498541
1,2.275652972268295,3.8423191492414945,3.887323815074015,8.5120643140434,11.37998389759182,3.275652972268295,-0.045004665832520274,0.3721185690004215
0,2.013268696941124,6.979177550197846,6.422217277979596,0.8674064533199752,11.478034778950278,2.013268696941124,0.5569602722182507,0.8083245052487468
0,3.5568378403871685,5.047422759966894,4.992091731841233,9.275497916799456,11.208315112604415,3.5568378403871685,0.05533102812566071,-0.10833717322635086
1,3.675650314762408,6.143811893840769,5.7643316344256466,8.96117205979998,11.284652150515438,4.675650314762408,0.3794802594151223,-1.5690311552050074
1,2.7158995486270454,5.619441535984154,7.661187146082369,7.751266158454214,6.800438834244792,3.7158995486270454,-2.041745610098215,0.587745496978184
1,3.687281738169575,4.56688978670175,5.631713326996537,6.742377189354853,10.179202261246193,4.687281738169575,-1.0648235402947872,-2.3635278398751445
1,2.285775281701675,3.3021823641636825,3.437332881317046,4.456684032759803,5.799954679353997,3.285775281701675,-0.13515051715336357,0.3144161232131978
1,3.735505853590184,5.152270652825722,1.7458557228613625,8.80210741285248,14.778215360528353,4.735505853590184,3.4064149299643596,2.2611662812078324
0,2.5933265030075106,5.669185868848796,10.386875104521796,6.516924111749742,9.278395838750342,2.5933265030075106,-4.717689235672999,-0.2134065376074581
0,0.6343406009723833,4.908547164006217,5.261483687679926,8.242625290971853,8.287720523952906,0.6343406009723833,-0.35293652367370854,-1.3151372257659357
0,3.526424990355078,4.334962957204906,9.414897421345955,10.08340468154256,10.191747086686245,3.526424990355078,-5.079934464141049,1.6690546971469848
1,2.2680422108195653,5.445547077585637,6.159756964517109,9.028456614937769,4.153236786767057,3.2680422108195653,-0.7142098869314717,1.1499567501918198
1,2.9346401230177555,4.148363190821855,7.163365268087967,8.390797017302518,8.127868543679718,3.9346401230177555,-3.0150020772661117,-0.6953357549806729
0,3.2963574663014743,5.873797268488552,10.247066565692233,13.120015847054525,7.282355242418495,3.2963574663014743,-4.373269297203681,1.9168482401160518
0,2.552873056516084,4.817896333638124,6.218411536145188,6.69329262446467,12.40097466654469,2.552873056516084,-1.400515202507064,-0.6829533257573734
1,2.800856214129361,4.158950115483016,8.246345922820705,9.520221166290723,10.62324947341876,3.800856214129361,-4.087395807337689,-2.375185076163922
1,4.346504547352675,5.832371562971525,6.399187603898836,10.715860949748123,11.527586654984265,5.346504547352675,-0.5668160409273115,1.296204431225873
1,4.059820469965625,2.4394051552955287,8.59757847799451,4.42038301421425,8.20318206556618,5.059820469965625,-6.158173322698982,-0.1930621134349147
1,3.7262021189552565,2.7219110606114185,3.5297785341032326,9.264837185616738,13.014488956689451,4.726202118955257,-0.8078674734918141,-0.5195711299538742
1,2.980798715256899,3.810902095388366,4.351442683831994,7.53665362519132,5.229968061093818,3.980798715256899,-0.5405405884436281,-0.048356007275898956
0,2.765792002155476,4.276108628480382,7.658329212040401,8.889304987024657,12.51877476418656,2.765792002155476,-3.382220583560019,0.5735302614149136
0,2.752860358330361,4.7627792802687585,5.848583397183182,8.82603754074736,8.307586219128918,2.752860358330361,-1.0858041169144235,1.5668713255190865
0,2.969631891184597,4.310626738397263,5.399817111094432,9.331968266960963,15.12541474175933,2.969631891184597,-1.0891903726971686,1.1139976638962144
1,2.1623121769973688,5.596446939642796,3.889666195863992,8.797612076825937,9.578730362565933,3.1623121769973688,1.7067807437788036,-0.365634789770557
1,3.8287728908533505,4.757958098835837,6.4140752176785245,8.540130265087129,11.562134904983996,4.828772890853351,-1.6561171188426878,-0.47621962694339187
0,1.7245964772402265,7.882341600119128,7.701633867092202,6.993090764079614,4.878501816434771,1.7245964772402265,0.18070773302692622,-0.5212416789857648
1,3.1733537483798577,3.9874189754602236,8.146241729279417,3.3988418169095134,9.443099300656794,4.173353748379858,-4.1588227538191935,-1.1589360598648337
1,2.6592940209180242,7.4784691647462616,4.085895061502599,7.54491157219256,11.736995211954603,3.6592940209180242,3.3925741032436623,-1.3417618347506826
0,3.909833782928126,4.074065268309156,5.8521290598705225,10.636946362312257,9.309404602114999,3.909833782928126,-1.7780637915613662,0.10054744578489284
0,2.3415220502443,7.327567590800966,6.597412589677572,10.618202776129817,9.445221215282569,2.3415220502443,0.7301550011233937,-0.835264051887113
0,1.0156802447001863,5.063396862452924,3.909118677115061,4.983473364166584,10.063030005288754,1.0156802447001863,1.1542781853378634,-0.39540384445731475
1,2.225585481387725,4.843735848135064,7.4703991757873665,6.560284092629243,16.186133208274576,3.225585481387725,-2.6266633276523024,-1.4206620750585237
1,2.717195600169708,2.2746687513723507,6.384722919521398,6.351506131180532,4.76298877629738,3.717195600169708,-4.110054168149047,-0.005676582567370311
0,3.7077699191382814,4.778559761221387,6.874210667996922,8.768807783771065,11.160869183505694,3.7077699191382814,-2.0956509067755356,-0.4211344008830888
1,1.6079695530032148,4.826483287714804,6.47760472391356,10.132275490298746,11.21623108523319,2.6079695530032145,-1.651121436198756,0.7845783168817069
1,3.6242491466439932,6.451558128363059,3.2029712955414844,10.82416030782302,10.10296733463418,4.624249146643994,3.248586832821575,0.7499850841739223
1,3.3817544387232625,2.940715459094517,5.630091914727115,6.1032554277601765,10.387601022558142,4.381754438723263,-2.6893764556325976,-1.178880515876579
0,2.435430821389226,4.378182903503174,4.565043757928153,9.365360239405437,8.56083093869413,2.435430821389226,-0.18686085442497902,1.256580464144432
1,2.275674029799085,2.2810648751271247,5.945076966037243,6.927616593055892,10.881737553372265,3.275674029799085,-3.6640120909101186,-0.5483881139330998
1,3.4074585520067626,2.4071080888467775,8.885092722764911,8.552322890260877,8.400679437246978,4.407458552006762,-6.477984633918133,-0.1221579611977221
1,2.2308356576473227,3.7584024100961737,7.148252010830483,7.973001382950782,9.72751631459004,3.2308356576473227,-3.389849600734309,0.1100975723142075
0,4.106157219727853,3.2646678284599275,5.181449913055717,4.536735360431949,6.367124767504474,4.106157219727853,-1.9167820845957895,0.7997499621495029
1,3.273341400698225,3.21377774685648,5.032324851467716,6.291439560086809,10.687946760351384,4.273341400698225,-1.8185471046112358,-1.0269028177027881
0,2.0527023309063077,3.4279247197793756,7.651372868182257,6.055781038926909,8.708675069708598,2.0527023309063077,-4.223448148402881,0.7355056698340617
1,2.451695201861304,4.639025765922729,4.11717634594874,4.615805640962725,8.881694106307599,3.451695201861304,0.5218494199739894,-0.0039321335724048275
1,1.780980348911776,5.8450575667085065,5.3941342368814,10.442053792681714,11.53528990046063,2.780980348911776,0.4509233298271065,-0.2181535413834745
1,2.6556208493965308,4.254770397728912,6.7988526679440255,10.499532191023386,10.204517791882068,3.6556208493965308,-2.544082270215114,2.016583234734096
1,1.475028401634719,3.629384699157699,7.88851439223299,13.115536471707358,12.128402823870132,2.4750284016347193,-4.259129693075291,0.2380229771376276
1,2.2421417655299027,4.392941590678269,10.65440287459007,7.712708458704885,6.75331465578801,3.2421417655299027,-6.261461283911801,-1.1829252919382984
0,3.543201805531327,6.779089202449571,5.9139207432100696,8.880383851607665,9.709136670223899,3.543201805531327,0.8651684592395013,-0.2204461124387127
1,2.7914183162566935,2.675698368371657,6.755947360094449,8.87715714993044,9.03839152102016,3.7914183162566935,-4.080248991722792,0.9319232868851893
0,2.1084661169542356,3.600529767400065,5.471983041600122,10.516411032369875,7.251442605432908,2.1084661169542356,-1.8714532742000571,-1.2722396229769066
1,3.4770536528635905,3.428465236947281,5.179292892067682,6.703899821556965,12.256581197815144,4.4770536528635905,-1.7508276551204012,-0.8056112757181532
1,2.841033461803948,3.9089747607628027,4.642036611675993,9.602619205501265,10.424479048726049,3.841033461803948,-0.7330618509131899,1.143111917859352
1,3.370787531342943,6.704845706491893,9.167246305854839,8.59189989101871,14.223787251618116,4.370787531342943,-2.4624005993629456,-1.2921404705678763
1,3.2324924483780624,4.1269126219576515,3.2684670823011186,6.59461077617731,12.458364465555059,4.232492448378062,0.8584455396565329,1.170852856792711
0,3.810123398807441,2.48343265393281,9.134414749064604,9.775134204197073,12.043129027737333,3.810123398807441,-6.650982095131793,-0.5214945765407055
1,2.4270853007237956,4.4320896707820685,6.670362947554532,10.070820991261744,9.428127593864678,3.4270853007237956,-2.238273276772463,-0.6889388088097904
1,3.3952076239257356,1.52730428289521,8.50280754555011,2.169017794282616,7.600375911714659,4.395207623925735,-6.9755032626549,-0.5784206710502844
1,1.0293974799456715,5.031969460973749,6.215307754509022,9.789769716033689,6.939039692234665,2.0293974799456715,-1.1833382935352725,-0.02293895024620827
0,4.022036538872611,4.874921954486787,7.236669919881259,8.315864049414069,3.271998718007975,4.022036538872611,-2.361747965394472,-1.6338563113912767
1,2.129983422344933,3.5870949362085494,6.397636909679082,5.415097977286498,10.37619643911184,3.129983422344933,-2.8105419734705324,1.3927598921689042
1,2.3950902176964,4.798885126426875,7.873983732674311,4.348289210944949,12.809330573709186,3.3950902176964,-3.075098606247437,-1.4693539201505592
1,2.1767769173505034,4.242678191223211,9.09937506133364,5.96491846740875,14.530807293601264,3.1767769173505034,-4.856696870110429,0.41091311553786636
0,3.8232279134366847,6.601193237703876,4.42500720905733,10.522494944659847,9.098139012144317,3.8232279134366847,2.176186028646546,0.7249961690358606
0,3.41208475166668,3.050066255315114,6.08797814361376,8.581925635257717,12.547041782251606,3.41208475166668,-3.0379118882986456,1.7144077650896832
1,1.8582420071061954,3.7310287870021845,2.9300961335091023,8.497249233049514,10.14343273289063,2.8582420071061954,0.8009326534930823,-0.7076507535178223
1,2.3618510121269076,6.071087213033399,4.145394363751181,6.3075618006438,5.812498380507487,3.3618510121269076,1.9256928492822185,0.010879130669216542
1,2.4921460748218216,3.777875636905801,6.781122986599378,13.42960918887489,10.297509020968507,3.4921460748218216,-3.003247349693577,-0.42772822085550805
0,1.8974607212720447,4.329521682979786,5.783555297497188,6.214150210858598,9.582135771285195,1.8974607212720447,-1.4540336145174022,-0.6630765005121866
0,2.2888359987220666,2.2232558892282275,6.718208149601688,10.93953111781743,13.8558222936388,2.2888359987220666,-4.494952260373461,0.049046989253042024
1,1.734447620475712,6.622412478206353,9.67100268888463,9.76230488092658,12.160451923344516,2.734447620475712,-3.0485902106782774,-0.09902817421141788
0,2.603162104823899,3.228852242023212,7.765973412384101,8.006613779098515,12.213331597896646,2.603162104823899,-4.537121170360889,-0.1893002280852179
1,2.8398895542620113,3.3657895614220554,5.438419359930346,5.3030918553795185,6.376698849119914,3.8398895542620113,-2.07262979850829,-0.4138591149462711
0,1.8351407307677299,3.14502688974337,5.281879079747584,4.534749637939511,11.334008641354774,1.8351407307677299,-2.1368521900042134,0.348253006362811
1,4.235789851878546,4.0919749775636465,8.315626723786513,8.267414115594608,7.974683192407225,5.235789851878546,-4.223651746222867,0.4063355398671467
1,4.934566051112867,4.132315805117964,6.280631379851259,8.408810843962407,9.627252818907555,5.934566051112867,-2.148315574733296,-1.8206836871663918
1,4.527080486205364,4.551427258807253,7.186290320410033,10.02845398683624,12.03564175406083,5.527080486205364,-2.63486306160278,0.10683780230820707
0,2.2116012218637597,6.096475114214687,9.865194783033239,11.442570611051208,10.667813014513012,2.2116012218637597,-3.7687196688185516,-1.1138801099578641
1,2.5065605162538516,5.7954277761506585,8.41737130534974,11.035363827069954,10.687326305733743,3.5065605162538516,-2.621943529199081,0.41505716905942447
1,2.194507155705538,6.033844354410842,5.11548399190639,12.01248843384879,10.072915227085257,3.194507155705538,0.9183603625044521,1.0353861966203124
0,2.03029540225213,6.157607082769937,5.982091424163448,5.792338125286616,10.565815387512856,2.03029540225213,0.1755156586064892,0.2617079184465831
0,2.8442792139596835,4.56749579630612,6.677373833083862,6.839493541397396,6.724410098446823,2.8442792139596835,-2.109878036777742,0.9380559477868802
0,2.8891195119037163,2.8655890513284463,2.615768511725748,9.66832142852382,10.433538178477903,2.8891195119037163,0.24982053960269823,-2.1458213818430814
1,3.301759964370129,7.257319054737992,6.885186995869601,11.605018853797942,9.6254739450373,4.301759964370129,0.37213205886839074,0.3442312561264083
0,2.866635663787996,6.02105214960269,6.733028002429194,4.293966266209193,11.645558736381927,2.866635663787996,-0.7119758528265034,-0.5346845615379588
0,3.424583491314682,4.2822571753734255,5.9738397376254895,9.505134677652821,10.649722931275141,3.424583491314682,-1.691582562252064,-1.5964947216267074
0,2.418231817951068,6.659402525531231,6.760271311809216,8.022724649535382,8.317944011254328,2.418231817951068,-0.10086878627798512,-2.2608669988173653
1,2.9722295877899287,5.898102516201145,6.008878642103238,3.959620061887164,12.781633731231459,3.9722295877899287,-0.11077612590209363,0.05281048092083296
1,1.6997976035654954,5.101942475545197,8.014990724616096,6.091449768114799,11.093834140638952,2.6997976035654956,-2.913048249070899,0.5672324593787159
1,3.4192645138188174,3.5757275371756654,7.81457664630624,9.103215612526663,10.812326526369446,4.419264513818817,-4.238849109130575,-0.7074083677456359
0,2.391546885271005,4.105879807979649,5.504282602524109,11.045499869680793,13.694781702050415,2.391546885271005,-1.3984027945444595,1.6235081154855642
0,2.4627098052730454,4.627354990703986,4.4018879955246195,7.656999742185864,5.402851140722358,2.4627098052730454,0.22546699517936641,-0.282565005826321
1,2.317957944453875,6.915958968676859,6.961650844104406,9.527091217960958,8.459538267168645,3.317957944453875,-0.04569187542754616,-0.18988380134516028
0,1.4420756419940206,2.4995118983032176,4.386230696639526,4.3293871606268555,6.354184350285625,1.4420756419940206,-1.8867187983363083,1.633885339107567
1,4.039203002729295,3.4393060927222896,5.849291398620066,6.792951127172366,9.320282930627464,5.039203002729295,-2.4099853058977763,0.22714343693109224
0,2.8030151311110214,5.075776750445869,5.554684871000668,5.964850855960433,4.148404493718861,2.8030151311110214,-0.4789081205547987,0.4334763164853215
1,1.6666984465134178,5.878104625883442,7.660276044218441,7.222921085060554,9.39146268089148,2.6666984465134176,-1.7821714183349986,0.5039934142700817
1,2.7047186055225843,3.6947634481787315,9.056713448620094,9.987429347650824,14.629138748564774,3.7047186055225843,-5.361950000441363,-0.6006121858143604
1,2.37253051669646,6.455347090173699,7.739759340944958,7.377052459565847,8.83954049100958,3.37253051669646,-1.2844122507712585,1.05413399828591
1,0.30319860028761303,4.7558430903594475,10.370453353852081,8.756318005133288,11.331461838859358,1.303198600287613,-5.614610263492634,-0.6099221723301671
0,1.389616977005726,3.7932621937239133,6.36950370552771,8.364940462472338,10.725140668544384,1.389616977005726,-2.5762415118037967,-0.9224135024188327
0,1.9551933641595554,4.597151804130437,5.639417774013122,7.450510103505925,16.733417844882446,1.9551933641595554,-1.0422659698826848,1.6859779996612172
0,5.203044613575136,5.124542138831345,5.339844609438086,12.224989208246068,5.90734852556862,5.203044613575136,-0.21530247060674146,1.3748225466127617
0,3.8672320475995505,5.8481512846691865,8.543032044687356,9.11997049903372,10.485317156727334,3.8672320475995505,-2.6948807600181697,-1.629549294507644
1,4.378587951808675,2.917966331435032,6.595516602556706,10.372875295037266,8.688787166761902,5.378587951808675,-3.6775502711216737,-0.4925620178667683
0,1.6385394155792372,5.19084322709171,11.440527237741303,8.102349397967734,12.83295789125209,1.6385394155792372,-6.2496840106495934,1.1315029942518198
0,3.6960579281933588,6.307755988917432,4.516134850669263,8.70085279024094,10.581414319572703,3.6960579281933588,1.7916211382481686,-1.6153858234901493
0,3.4312918978565117,3.0017173669580863,6.267976863583031,7.689018790114084,5.648799227598288,3.4312918978565117,-3.2662594966249445,-0.24848837353702755
1,3.3961373917379487,3.875779925554231,6.164487981311296,5.202573069380433,9.077306738976938,4.396137391737948,-2.2887080557570645,-0.06598228543978539
0,3.5065363031591885,1.8798550172085022,5.810348304355902,8.98499603390912,7.092022149249221,3.5065363031591885,-3.9304932871473994,1.505436553462832
1,4.084951550621861,3.036798845578139,7.371924525783355,8.80111275242487,7.008068156138442,5.084951550621861,-4.335125680205216,-2.9309946593071396
0,2.9494691162035243,5.00272686200223,6.477924931275391,12.199102178123473,12.003057753172882,2.9494691162035243,-1.4751980692731612,0.7493745434701243
1,2.0963822867302397,3.043417109585374,7.3069447444835,9.733585416848545,11.796853627782227,3.0963822867302397,-4.263527634898127,-0.6415826685453274
2,0.8546369070262196,3.8470384598719343,7.030712197342467,7.818353498201274,9.540389001451345,2.8546369070262196,-3.183673737470533,-0.16286317750816706
0,2.8168963907880125,4.0529641878890645,7.078242790196879,10.174054583624923,7.775580196738804,2.8168963907880125,-3.0252786023078144,0.5469072463046397
1,3.355362503475606,4.891962675940811,6.434711669102028,10.77697370200027,2.6882253104201945,4.355362503475606,-1.5427489931612168,-0.5944888745805762
1,3.907589661398777,1.2208637577738939,8.624087358672764,5.035819731106506,10.517244000128267,4.907589661398777,-7.40322360089887,0.9055063157364921
0,3.7286269876269666,3.58154544064755,7.654924266781812,7.256874311578525,8.620560528261267,3.7286269876269666,-4.073378826134261,1.6370852011947246
0,0.8732646994487705,4.413533687494536,9.34839403647618,8.926666789065479,12.309761576140609,0.8732646994487705,-4.934860348981643,0.16953957190262398
1,1.7204989171435858,6.63005074313775,10.266324341121978,6.817073806468811,8.564785611632308,2.720498917143586,-3.6362735979842276,0.43742478653522326
1,1.3734624859383266,4.011047142105739,6.430627311333984,9.110940071099883,16.735373486928605,2.373462485938327,-2.4195801692282446,-0.358217543693433
1,2.6491358940737677,5.5206665149690775,9.319641231454284,7.106230638889553,12.712251536253772,3.6491358940737677,-3.7989747164852066,-0.8659961875469186
1,2.8259162658223627,3.8729178115323704,6.924991630805363,7.164004884642448,11.5229299408529,3.8259162658223627,-3.0520738192729926,0.28404675125095036
0,2.095565694273869,4.813795792771989,5.090012710258232,6.5618609511326405,9.089304584199404,2.095565694273869,-0.2762169174862432,2.2008922736711813
1,4.163157291470414,7.167001370043131,8.912514595956798,8.610414670539248,12.326622664738206,5.163157291470414,-1.7455132259136672,0.3028826273373953
0,4.1455256265686415,3.237907892768133,4.997264498849578,8.015050776105646,10.48035371472599,4.1455256265686415,-1.759356606081445,-1.4327722763758346
1,2.212728949313738,6.207084125927323,7.617209952921222,8.037976610787245,9.417195327936806,3.212728949313738,-1.410125826993899,-0.2912184963869195
0,3.4229895468441103,3.3858535601726736,7.0559066108324,10.023385778507038,5.888550811851468,3.4229895468441103,-3.6700530506597264,1.2484852537148738
0,2.246047810589902,6.723768552404968,8.214916644518551,10.127551768281108,8.855722442878609,2.246047810589902,-1.4911480921135833,-0.45274190424883076
0,0.5773650503110499,2.8322374272856994,6.818646584772454,8.444029468859467,13.263137798668694,0.5773650503110499,-3.9864091574867544,1.7646094131430325
0,2.2397101045692804,6.867221529235222,5.732935214604064,8.487046518973829,11.61925748547837,2.2397101045692804,1.134286314631158,-2.2101046774896638
1,0.6498689848755577,4.067536701035711,9.93219085598662,4.894089551441472,12.330922182695055,1.6498689848755577,-5.86465415495091,1.346527427818151
1,2.505407040351452,1.7129263303734983,7.215190055460564,10.075193326514391,11.82898877138114,3.505407040351452,-5.502263725087065,-0.17754961460297813
1,4.489705155633452,5.061324114278119,6.00377817035478,7.4239933830472395,10.854713221608996,5.489705155633452,-0.9424540560766603,-0.7830813534320892
1,1.9585989491479956,6.127020636881367,6.016424019332456,3.0762291226386314,11.169090939630486,2.9585989491479956,0.11059661754891081,0.35634928949849104
1,2.501864666411192,6.278710818945583,6.125664302605474,5.876773229769036,7.77751753772424,3.501864666411192,0.15304651634010913,0.8572300438655049
1,1.8098313259713803,2.790319027398084,7.538403948812891,9.747545286959673,10.099764948748845,2.8098313259713805,-4.748084921414807,0.09377136071019028
0,3.1861963321643083,4.637603238714701,8.085094800136611,5.53913445601232,7.896944870464265,3.1861963321643083,-3.44749156142191,0.36748435780519106
0,2.9799268285091327,7.013677802456609,8.276837624981368,6.3178490096861015,14.001019962374913,2.9799268285091327,-1.2631598225247593,1.1675667107950238
0,2.2072122930556692,5.897309454912216,7.768889671496888,12.077557288570784,7.820764096452363,2.2072122930556692,-1.8715802165846718,-0.12650160832016114
0,2.510761415416154,5.405136593450123,8.203463470308217,7.830763288117367,12.06337342333808,2.510761415416154,-2.798326876858093,0.19946137338617076
0,2.339783410354152,5.542564590336497,7.468807557838835,11.050052959681532,10.540698199659529,2.339783410354152,-1.926242967502338,-0.5202611264906336
0,2.776121235363445,2.199660595533249,9.428116414463092,8.049496210849853,5.821039733603879,2.776121235363445,-7.228455818929843,-1.9960991619917234
0,2.081666383433146,2.1505883145295344,7.513676713233159,4.255175445325454,7.924270008840747,2.081666383433146,-5.363088398703624,-0.9225944664532203
0,2.4493479674860232,2.3809741852411204,4.273014016489297,7.39744702559454,10.259872788792022,2.4493479674860232,-1.8920398312481765,1.4187416381352005
0,3.7929144924482,4.314713540503822,7.735875553833961,9.482084794833664,6.822772230498209,3.7929144924482,-3.4211620133301386,1.1702701255348187
1,1.5457979215177817,4.489787670593968,6.157737792075593,10.782598748889097,3.858907398747026,2.5457979215177815,-1.667950121481625,-2.1608871449284055
0,2.9650137311460085,4.7514981095760955,6.290203424247137,5.822495013366846,10.941251827533673,2.9650137311460085,-1.5387053146710414,1.400371654648471
1,1.1385369831668466,3.877101977944263,7.282345942422415,9.466285542626737,10.180104216590777,2.138536983166847,-3.405243964478152,-0.007890394929544388
0,1.8018322405817284,4.819949986025955,9.313514070712827,6.617290351258703,11.932455101392273,1.8018322405817284,-4.493564084686872,1.0032439563617908
0,3.641790385283386,4.422096111425576,3.7960111700853147,8.100142583437467,8.233719924495363,3.641790385283386,0.6260849413402614,-0.305294415005002
1,2.9398412611810194,2.412897555017267,6.404233044302787,9.463861617275704,14.30236370995733,3.9398412611810194,-3.99133548928552,0.708510564957838
1,3.380659007767901,5.925369654536526,5.741778106143847,8.962740403905485,12.752184734838178,4.3806590077679015,0.18359154839267955,1.0232688054109356
0,5.570307523075904,6.26508665498803,5.915907817791262,9.10567877528283,10.991540035459655,5.570307523075904,0.3491788371967681,-0.0267072844654252
0,2.8390122745491,7.068939937419592,7.345858159394736,4.972748039527329,13.06069967883165,2.8390122745491,-0.27691822197514426,-0.5873259530137901
0,2.5630998256847404,4.1350990907716145,8.529471836306424,7.300929605453255,12.57567896548481,2.5630998256847404,-4.39437274553481,1.657773926601062
0,3.713241702744069,4.601474461952821,4.387988023768919,5.107576393696807,14.089132016767877,3.713241702744069,0.21348643818390212,-1.615948699157924
0,1.2303408514965168,4.166325957221943,5.261377043142652,6.0650768337539365,8.078055155806698,1.2303408514965168,-1.0950510859207085,1.073125472079434
1,2.4751814840738544,7.6655951086950775,7.1693751089167295,5.718265597550369,9.897777187886776,3.4751814840738544,0.4962199997783481,0.1445672677259927
0,3.632906568658295,2.6247472013538484,5.376702639979791,8.538304883314762,10.116320026802445,3.632906568658295,-2.7519554386259424,-0.4150216914129248
0,3.2414372912333436,5.035280351253599,6.103575549230634,5.77647899478815,7.274796001833279,3.2414372912333436,-1.0682951979770348,-0.7931173467161743
0,2.4440710976351028,3.0458072540922636,5.256758200442762,7.725286651047968,13.26502077887803,2.4440710976351028,-2.210950946350499,0.9748528105598888
1,3.1552802618275573,6.630022310656891,6.401228392861836,10.164687230808706,5.996782005809296,4.155280261827557,0.22879391779505465,1.3647730733733576
0,3.1065059784885225,1.33058037477049,6.0134861374263195,7.923760543717253,8.169062241623424,3.1065059784885225,-4.68290576265583,-0.6554076390284661
0,1.1717846432213324,3.760278324185414,6.665061938938456,10.279612376798317,6.606745750664822,1.1717846432213324,-2.9047836147530424,0.0053255005999342355
0,2.190079567180595,2.7658850600811973,7.000450747939849,10.347387277846703,13.666401732030463,2.190079567180595,-4.234565687858652,-0.25516232459018223
0,2.230347340237512,1.9110639300824275,8.61961136180752,5.297099531050563,10.548680745462214,2.230347340237512,-6.708547431725092,-0.5445065864167031
1,2.459855299887334,5.183152683917829,9.287118098140702,8.38982459113173,10.66382894648977,3.459855299887334,-4.103965414222873,-0.9038576325588521
0,4.13780210100219,3.802555294490226,6.221909890332048,7.512836420818706,13.952349304322045,4.13780210100219,-2.4193545958418223,-0.27017317254252377
1,2.7053724883802186,5.230406527921506,6.99746475755815,6.579373526551919,5.156508385328667,3.7053724883802186,-1.7670582296366444,0.24296139842500172
1,3.5437619516757417,4.699855253028335,8.679302670965821,6.332315980652393,10.245888224414927,4.543761951675742,-3.979447417937487,-0.9858275973328253
0,1.271713467897424,4.088156465000397,5.949458504798289,7.196789856444192,10.710884184511404,1.271713467897424,-1.8613020397978923,0.8403864069335663
0,4.380499604449237,4.045373720353195,7.134673564319956,7.70686090361107,9.267142028440253,4.380499604449237,-3.089299843966761,0.07213343866934864
0,1.690257398052967,7.313383411336399,4.826512016087507,8.557258254907369,12.828280093584905,1.690257398052967,2.486871395248892,0.4430021525874255
1,3.8524739703684805,5.1871300952863155,6.76317479316698,7.392822437168836,12.395234904216878,4.8524739703684805,-1.5760446978806648,1.7320235315598567
1,2.357336953267696,6.330812505149477,6.761385383951512,8.29120410326928,9.340341262119042,3.357336953267696,-0.4305728788020353,-0.15954858299953426
0,1.8439320955292238,6.232165559145084,9.732809842181094,5.968310401980402,13.61263673769652,1.8439320955292238,-3.50064428303601,-0.203598614456692
1,1.5778762388760117,4.746118206426579,6.879255248784629,6.498109871102758,11.357289100628753,2.5778762388760117,-2.13313704235805,0.27854408040560313
1,3.082504426934214,5.44568217127794,5.939725558405984,10.929562001553236,9.631523335619214,4.082504426934214,-0.49404338712804385,-0.5317348413494589
1,2.3675993184455675,4.911072100470117,4.963107524717259,7.165971772129678,12.947091235149706,3.3675993184455675,-0.05203542424714147,0.7853799825507838
0,2.0547904095426324,4.155295375170469,6.510065630719217,8.956948942420512,12.9500837156033,2.0547904095426324,-2.3547702555487486,-0.1321197313321626
1,2.4712041611402915,5.7665540032383085,6.098133180284095,7.962357674516583,10.809633850532743,3.4712041611402915,-0.33157917704578654,0.8762925038106008
0,3.605380330660774,5.2835269334724995,5.2595844917977725,8.689091755172436,13.433483752701669,3.605380330660774,0.023942441674726922,-0.47570336712699435
0,3.3293031423073174,5.708069875676627,1.0068746571825447,9.42847096382886,6.14309357576558,3.3293031423073174,4.701195218494083,0.20870815386327018
1,4.540595792360348,5.896335336494228,8.73040494908852,6.854285739761142,10.107911353178157,5.540595792360348,-2.834069612594292,-0.7831070310188383
1,2.625291794210968,3.8494621646352085,4.96162942255858,7.576651792471631,10.392257424888811,3.625291794210968,-1.112167257923372,-0.8725045901404935
0,1.3681051100889092,5.557905358580232,2.3558617245267968,9.422585373956172,11.765939923559582,1.3681051100889092,3.2020436340534353,-0.29668525162016407
0,3.322966745598473,3.8204184174275397,6.361045162774278,5.685818190494037,7.782502886023887,3.322966745598473,-2.5406267453467386,0.6738947681242043
0,2.3027835819324984,5.183620618665746,7.048950441559562,8.910722559154827,8.713429825964678,2.3027835819324984,-1.8653298228938162,-0.5836681637766001
0,3.8580194605676836,4.740605858410505,7.34995095734846,10.13575134609856,10.955795721587807,3.8580194605676836,-2.609345098937955,0.5560144216041446
0,2.0640250629401526,5.203790735633381,4.39768071848361,4.0989031500498285,9.261832537163837,2.0640250629401526,0.8061100171497708,-0.6189738166450154
0,1.8446121210815456,2.5769695209749566,4.696345137996935,6.535911860824804,10.702430272739445,1.8446121210815456,-2.119375617021978,-0.8520829208656279
0,4.65314108045151,5.181097648546641,3.620622958211322,9.80263743995009,12.70168223724734,4.65314108045151,1.5604746903353188,0.8087734491223064
1,4.044546870663551,4.929650910740313,4.716007789575576,7.2789025483790315,8.228012306606278,5.044546870663551,0.21364312116473716,-1.4400807192407754
0,1.4455250247056362,1.8644818685349214,6.087689277597143,8.86722173114777,14.679389377044632,1.4455250247056362,-4.223207409062221,0.6867615713231764
0,3.0226279302160166,4.6932506799784806,5.6771186397750935,8.584760362636281,7.180471513690335,3.0226279302160166,-0.9838679597966129,-0.030005472381774458
1,3.392418995082376,4.04971733726915,9.431997078285669,8.696687075892122,7.122672651968812,4.392418995082377,-5.382279741016519,0.43517648190090513
0,3.2789440718646565,6.621431985894339,6.189197016800232,8.589919411730731,8.5256216267072,3.2789440718646565,0.4322349690941065,-1.3907999286643475
0,2.7789900132326117,6.587261698718912,5.1703908882770335,9.17954767884887,8.494850908773468,2.7789900132326117,1.4168708104418783,-0.18999721227797353
0,3.6975633186741623,6.308823676837367,5.216871776884398,6.136285919907529,11.853983887430015,3.6975633186741623,1.091951899952969,-1.1099727000299349
1,2.114873217588781,2.8836429948499247,8.11657406478282,10.707421333690405,6.230680407562004,3.114873217588781,-5.232931069932896,-0.594212850510976
0,2.523925754401289,3.686682106641324,9.54392604839836,9.401307976461958,13.519940172107505,2.523925754401289,-5.857243941757035,-0.7053392123726125
0,2.959292570541036,6.340304850994422,6.104855869385282,8.401741320014843,9.252252530385928,2.959292570541036,0.23544898160914052,-1.0400032137478563
0,1.4638865234424692,2.500463088680453,2.507871750506647,7.445844528456985,11.461774215690948,1.4638865234424692,-0.007408661826193708,0.6052136376471322
0,1.5536891127990022,4.123484450865498,6.515813744396599,11.649088310940876,14.100875990686326,1.5536891127990022,-2.392329293531101,-0.8555331333624471
0,2.8742702298150213,4.127760868364804,8.381777142712941,7.7608817180728025,12.399631696229081,2.8742702298150213,-4.254016274348137,0.7074962940742071
0,2.225239085898746,1.6607587215602613,7.237403170465061,3.77485125395478,13.480453693763588,2.225239085898746,-5.5766444489047995,-0.8234005676346468
0,1.7419341397560923,5.088605657085312,3.9699335220994003,9.618576726652527,5.954070232413038,1.7419341397560923,1.1186721349859114,-1.1664650070076332
1,1.5429197907116312,3.856853453556967,6.4704538716523645,10.028278232315962,10.080436588570455,2.542919790711631,-2.6136004180953973,2.0265330132561137
0,1.9472963707274005,3.3331126297345977,3.9550405540767763,6.459935739396479,11.925909476872345,1.9472963707274005,-0.6219279243421787,-0.19098961804435918
0,2.894256482855088,5.680503801139067,5.403368804771974,8.668938240046117,11.932389972685073,2.894256482855088,0.27713499636709304,1.465600637673673
1,4.506710077886085,5.294044369751736,6.049644032255473,9.270709053826867,8.661674548039944,5.506710077886085,-0.7555996625037364,0.675822624376636
0,0.6270359001986621,3.7580042645860505,8.402067130599207,9.78548423756519,12.975976051175397,0.6270359001986621,-4.644062866013156,-0.7491527545998496
0,3.2275100751570536,4.214826211713084,6.388332539452492,8.358004086136114,6.35449365519677,3.2275100751570536,-2.1735063277394078,0.04410226331952758
1,4.187152250725143,6.859867626523936,5.305825852014478,7.9489078432558165,7.600379583955609,5.187152250725143,1.5540417745094581,0.973731606399722
1,3.1546925978984337,5.015459353511623,7.409788531024904,8.33635684976872,9.222359695395417,4.154692597898434,-2.3943291775132804,0.6135028264632352
1,2.7285581227704183,6.749463244857579,6.735975687734302,8.516950792550155,8.69233131059987,3.7285581227704183,0.013487557123276872,2.18312829648055
0,1.2561442871304034,2.7461611152095857,5.647110335941227,9.485214830063622,10.793195075574733,1.2561442871304034,-2.9009492207316416,0.41163706463146377
1,4.207011281174421,7.108946686353808,5.297861752026125,8.340339417980882,13.836468274429427,5.207011281174421,1.811084934327683,0.2862030301930236
1,3.179992181407811,6.445026627868374,5.8698556136852735,5.333007685526116,11.162427972732633,4.179992181407811,0.5751710141831001,-0.02695172953908591
0,1.887204383493378,5.533526999056743,5.162231348844039,3.0138491301802164,9.529549957514174,1.887204383493378,0.37129565021270405,0.44896784263679346
0,2.8385252806207695,4.795998763564284,5.736334199754236,10.211513703729564,11.602129483920812,2.8385252806207695,-0.9403354361899519,2.0566668541153708
1,1.8171111566484002,3.0462370668372927,4.632100127890279,7.429150777302091,10.065308923159526,2.8171111566484,-1.5858630610529865,1.0516829610292486
1,2.513175111930898,4.879327211005103,6.304043476168222,8.524677534784288,9.873113476949268,3.513175111930898,-1.4247162651631191,-0.9483031192913695
1,0.5243025805212658,4.486114096051258,7.865535472144876,8.309551405036373,10.779102935297319,1.5243025805212658,-3.3794213760936174,0.25808552444392946
1,2.3341586565868715,4.381039254920619,4.745469240656491,7.00432178633342,11.168888748505362,3.3341586565868715,-0.36442998573587193,-1.5840363855052435
0,2.7644102988147585,4.381104302034642,3.8870296076266313,10.391086383222559,14.957643377822976,2.7644102988147585,0.494074694408011,0.685399226551943
0,3.018457780678113,3.259738771381054,7.229071799399064,12.25150707110702,14.112287476281363,3.018457780678113,-3.9693330280180095,-0.4157637869299493
1,3.3620620588360897,3.5197816356786733,6.068170720142584,7.417356590056133,10.053666991906365,4.36206205883609,-2.5483890844639108,0.6830241439345259
0,1.5854396273423381,2.808603949545052,6.691006011249198,6.97498465456582,5.7858695335992305,1.5854396273423381,-3.8824020617041457,0.10307540867009361
1,3.0558085234771672,5.020158080535222,4.419916801200709,7.517303520236436,9.96442989033741,4.055808523477167,0.6002412793345133,-1.5327149522437065
0,2.164967917799731,5.608285789622632,5.803037528218168,11.096602984256954,13.980033198103257,2.164967917799731,-0.19475173859553596,-0.8843465855406244
1,2.195505702693725,3.0284115442469774,8.454488832427984,7.068347200841216,15.40550820499129,3.195505702693725,-5.426077288181006,-1.0092545907959731
0,3.545230425421993,5.76880665745137,8.864775400892338,9.170167684284811,7.441433246367044,3.545230425421993,-3.0959687434409675,-0.2009769886969023
1,4.095896846186068,4.41306434547616,6.17274769870927,8.180776821186074,6.688913787653921,5.095896846186068,-1.7596833532331102,-1.6677201158511243
1,1.7558988831158249,4.106756079173722,4.916405388610079,6.663232994668254,10.839370861312709,2.755898883115825,-0.8096493094363577,0.14592579762832733
0,2.671112163600257,5.267715530418829,3.6881254894407305,5.214053009989368,13.316348605635158,2.671112163600257,1.5795900409780983,0.21466574235667826
0,2.915075007363582,4.615790475677661,9.590758163636314,6.626951912545873,5.559042419412607,2.915075007363582,-4.974967687958653,-1.5142683021512249
1,3.34203931661483,5.29029047153402,4.948752785948141,9.128125331145188,12.431666749298298,4.34203931661483,0.3415376855858794,0.06475783176235621
1,1.1821952132184992,4.20141364160956,4.092739629252083,9.173278485857418,8.810280124959545,2.182195213218499,0.10867401235747653,-0.3707108092238781
1,4.451193778753356,5.548666350058442,6.512840785300114,6.136766100097782,10.768439690125089,5.451193778753356,-0.9641744352416719,0.36806681859517487
0,4.267903504935786,6.770577629522508,7.040773445796467,6.44296037798062,10.827923490535555,4.267903504935786,-0.27019581627395883,0.5850411283885277
0,3.4864978312803783,5.936961985657285,3.484843992019742,6.556412159062862,14.674807139160276,3.4864978312803783,2.452117993637543,1.30513942099043
0,3.438549996787,5.12896759680438,6.77505865290522,5.993499780077878,15.924312953275656,3.438549996787,-1.6460910561008397,1.6572369318177975
1,3.4013294781664847,4.028319587080874,7.9692124566481,6.3334451160426095,14.463749865854975,4.401329478166485,-3.940892869567226,0.9387991669215789
0,2.2671463213962495,4.960377836065545,6.211966809111684,7.057945877503118,13.116500804933553,2.2671463213962495,-1.2515889730461387,0.0745330925144269
1,2.8601617929164713,6.385679664637365,3.087792464533439,9.214197672489052,7.618719334937557,3.8601617929164713,3.297887200103926,0.2008402547654208
2,3.6183139834710274,1.4531932376860017,6.042498055218597,7.751528538322126,8.511299500997337,5.618313983471028,-4.589304817532595,1.0843044558079789
0,2.829460598942709,4.981262683608121,6.113762942511166,9.969712204978562,11.13297705162458,2.829460598942709,-1.132500258903045,-0.13864962741964984
0,3.3001362690934752,5.949505265631033,5.940296549401391,7.084345492268364,9.24527778208109,3.3001362690934752,0.009208716229641922,-0.14921830344738063
1,4.230485075213961,5.317246628924716,6.196286870480761,3.32725639909437,11.352203621220712,5.230485075213961,-0.8790402415560452,-0.9977744037614855
1,2.639091654608798,4.537447909108731,7.001890624926029,10.327198991935317,13.250834603157147,3.639091654608798,-2.464442715817298,1.6476779624086246
0,2.4835641428917397,5.042316388344444,6.072440877594204,8.947315246882997,12.644102446037847,2.4835641428917397,-1.0301244892497596,1.0613170791324442
1,3.4004648779527855,3.1866277600086685,9.88279043146798,7.335431391058921,12.710276085519775,4.4004648779527855,-6.6961626714593105,0.09731411959232447
0,2.997779741032512,5.7671591067898795,7.141571838846705,11.630510768380942,9.354169027922199,2.997779741032512,-1.3744127320568253,1.937089169907974
1,3.382392884675653,4.030523880233129,3.4399419164541793,5.763892313905677,11.094255646827087,4.382392884675653,0.5905819637789493,0.29340172463177244
1,1.8620656910934974,6.43161233191067,3.969683526954529,9.026102334621953,13.166518124472246,2.8620656910934974,2.4619288049561407,0.729643789678338
0,1.1623863378172234,5.256620434534633,8.569342366403312,9.69824140521561,10.138321624288398,1.1623863378172234,-3.312721931868679,-0.9499567424374952
1,2.3905574502468667,4.662527404168885,7.455097867136864,9.490187782681165,12.879082865308025,3.3905574502468667,-2.792570462967979,1.021942778742844
1,3.5616783815826993,4.02213896412078,6.624030069898732,10.618035339997752,5.803891653012087,4.561678381582699,-2.601891105777953,-0.514919498767103
0,2.0969927831585586,5.136456627921863,3.286351843020812,6.854513361138387,11.347061997455102,2.0969927831585586,1.8501047849010508,-0.40119035980585943
1,3.81608423187914,5.61970437089278,7.489893213982767,8.60041988136877,13.721935390457496,4.81608423187914,-1.870188843089987,-0.421877693386419
1,3.3355954341199476,2.4071690849983707,6.288983144159461,7.382371169143532,4.845537896988903,4.335595434119948,-3.8818140591610906,-0.8308966428218355
1,1.7899944064667195,6.488368483560484,5.291776509506134,9.17326602407346,14.604209519265545,2.7899944064667195,1.1965919740543498,-0.542124504296878
0,3.6057945719851494,4.910871954066849,4.685733614359172,5.645139365596009,5.520463853873576,3.6057945719851494,0.2251383397076765,-0.016168827014526963
1,2.688015385086808,3.8414881304008217,8.560657218642866,7.159270912667734,8.669369193685945,3.688015385086808,-4.719169088242045,-1.321257186084367
1,2.9129492667480648,4.564780494824365,7.676276799527265,5.732950092804996,7.448201534467358,3.9129492667480648,-3.1114963047029,-0.48323648346453707
1,1.7669025088019192,5.509546193809957,4.167392565077902,8.336796887792733,9.56506527419647,2.7669025088019192,1.3421536287320546,-0.9844767926647207
1,1.4899821261287252,5.986784052772849,6.623669706413992,5.5808257032323,10.379892594517733,2.489982126128725,-0.6368856536411425,-2.0386041893694657
1,1.7612963324272428,3.854787771427144,9.70085919162702,9.294832589781706,13.119241347475777,2.761296332427243,-5.846071420199875,-0.3817064672596952
0,3.767344879757364,5.188957237259265,5.820618208463662,9.694846603671792,13.517049213966882,3.767344879757364,-0.631660971204397,1.5116404260672014
0,4.428920043043408,5.753448296835034,3.111739170676492,8.670424816806692,9.509135292286645,4.428920043043408,2.6417091261585415,-0.5943505133095696
0,3.289901919719683,5.29330731436924,5.920116657075928,7.773593584206213,8.733960379506463,3.289901919719683,-0.6268093427066876,0.022558065196295156
0,2.754415295595189,6.426113579093282,7.2798452608740964,7.037608204505249,11.651721057071619,2.754415295595189,-0.8537316817808147,0.47058005049920376
0,3.653477053377742,4.381557751651876,5.838225682459309,6.6985657290925005,8.298781219480643,3.653477053377742,-1.4566679308074333,-0.023615559954535147
0,2.557372655583055,3.7761047518382806,5.276838873160626,11.60792662938049,10.133812075051395,2.557372655583055,-1.5007341213223455,-0.795071855215386
